{
  "id": "",
  "name": "",
  "font_family": "iconfont",
  "css_prefix_text": "icon-",
  "description": "",
  "glyphs": [
    {
      "icon_id": "386271",
      "name": "QQ",
      "font_class": "qq",
      "unicode": "e6af",
      "unicode_decimal": 59055
    },
    {
      "icon_id": "584254",
      "name": "箭头",
      "font_class": "iconfontjiantou",
      "unicode": "e638",
      "unicode_decimal": 58936
    },
    {
      "icon_id": "608351",
      "name": "箭头",
      "font_class": "jiantouarrow486",
      "unicode": "e6aa",
      "unicode_decimal": 59050
    },
    {
      "icon_id": "868799",
      "name": "箭头",
      "font_class": "jiantou",
      "unicode": "e65e",
      "unicode_decimal": 58974
    },
    {
      "icon_id": "1206331",
      "name": "微信",
      "font_class": "weixin",
      "unicode": "e615",
      "unicode_decimal": 58901
    },
    {
      "icon_id": "4770728",
      "name": "放大镜",
      "font_class": "fangdajing",
      "unicode": "e637",
      "unicode_decimal": 58935
    },
    {
      "icon_id": "6237080",
      "name": "微博",
      "font_class": "tubiaozhizuo-",
      "unicode": "e60a",
      "unicode_decimal": 58890
    },
    {
      "icon_id": "7720065",
      "name": "箭头",
      "font_class": "jiantou1",
      "unicode": "e610",
      "unicode_decimal": 58896
    },
    {
      "icon_id": "19594672",
      "name": "右箭头",
      "font_class": "right-arrow-1",
      "unicode": "e699",
      "unicode_decimal": 59033
    }
  ]
}
